[{"model": "admin.logentry", "pk": 1, "fields": {"action_time": "2020-12-09T12:06:46.006Z", "user": 1, "content_type": 7, "object_id": "1", "object_repr": "Pupkin, Vasya", "action_flag": 1, "change_message": "[{\"added\": {}}]"}}, {"model": "admin.logentry", "pk": 2, "fields": {"action_time": "2020-12-09T12:07:18.902Z", "user": 1, "content_type": 7, "object_id": "2", "object_repr": "Dupkin, Petya", "action_flag": 1, "change_message": "[{\"added\": {}}]"}}, {"model": "admin.logentry", "pk": 3, "fields": {"action_time": "2020-12-09T12:07:53.590Z", "user": 1, "content_type": 7, "object_id": "3", "object_repr": "Mashkina, Mashka", "action_flag": 1, "change_message": "[{\"added\": {}}]"}}, {"model": "admin.logentry", "pk": 4, "fields": {"action_time": "2020-12-09T12:08:38.385Z", "user": 1, "content_type": 7, "object_id": "4", "object_repr": "Zaycev, Fedya", "action_flag": 1, "change_message": "[{\"added\": {}}]"}}, {"model": "admin.logentry", "pk": 5, "fields": {"action_time": "2020-12-09T12:08:58.563Z", "user": 1, "content_type": 9, "object_id": "1", "object_repr": "Fantasy", "action_flag": 1, "change_message": "[{\"added\": {}}]"}}, {"model": "admin.logentry", "pk": 6, "fields": {"action_time": "2020-12-09T12:09:02.870Z", "user": 1, "content_type": 9, "object_id": "2", "object_repr": "Drama", "action_flag": 1, "change_message": "[{\"added\": {}}]"}}, {"model": "admin.logentry", "pk": 7, "fields": {"action_time": "2020-12-09T12:09:05.866Z", "user": 1, "content_type": 9, "object_id": "3", "object_repr": "Horror", "action_flag": 1, "change_message": "[{\"added\": {}}]"}}, {"model": "admin.logentry", "pk": 8, "fields": {"action_time": "2020-12-09T12:09:08.463Z", "user": 1, "content_type": 9, "object_id": "4", "object_repr": "Science fiction", "action_flag": 1, "change_message": "[{\"added\": {}}]"}}, {"model": "admin.logentry", "pk": 9, "fields": {"action_time": "2020-12-09T12:09:11.176Z", "user": 1, "content_type": 9, "object_id": "5", "object_repr": "Western", "action_flag": 1, "change_message": "[{\"added\": {}}]"}}, {"model": "admin.logentry", "pk": 10, "fields": {"action_time": "2020-12-09T12:09:21.781Z", "user": 1, "content_type": 10, "object_id": "1", "object_repr": "En", "action_flag": 1, "change_message": "[{\"added\": {}}]"}}, {"model": "admin.logentry", "pk": 11, "fields": {"action_time": "2020-12-09T12:09:27.962Z", "user": 1, "content_type": 10, "object_id": "2", "object_repr": "Ru", "action_flag": 1, "change_message": "[{\"added\": {}}]"}}, {"model": "admin.logentry", "pk": 12, "fields": {"action_time": "2020-12-09T12:09:30.709Z", "user": 1, "content_type": 10, "object_id": "3", "object_repr": "Ge", "action_flag": 1, "change_message": "[{\"added\": {}}]"}}, {"model": "admin.logentry", "pk": 13, "fields": {"action_time": "2020-12-09T12:09:33.730Z", "user": 1, "content_type": 10, "object_id": "4", "object_repr": "Fr", "action_flag": 1, "change_message": "[{\"added\": {}}]"}}, {"model": "admin.logentry", "pk": 14, "fields": {"action_time": "2020-12-09T12:09:36.431Z", "user": 1, "content_type": 10, "object_id": "5", "object_repr": "It", "action_flag": 1, "change_message": "[{\"added\": {}}]"}}, {"model": "admin.logentry", "pk": 15, "fields": {"action_time": "2020-12-09T12:10:45.457Z", "user": 1, "content_type": 8, "object_id": "1", "object_repr": "Divine Comedy", "action_flag": 1, "change_message": "[{\"added\": {}}]"}}, {"model": "admin.logentry", "pk": 16, "fields": {"action_time": "2020-12-09T12:11:20.413Z", "user": 1, "content_type": 8, "object_id": "2", "object_repr": "Dracula", "action_flag": 1, "change_message": "[{\"added\": {}}]"}}, {"model": "admin.logentry", "pk": 17, "fields": {"action_time": "2020-12-09T12:11:58.079Z", "user": 1, "content_type": 8, "object_id": "3", "object_repr": "The Deerslayer, or The First Warpath", "action_flag": 1, "change_message": "[{\"added\": {}}]"}}, {"model": "admin.logentry", "pk": 18, "fields": {"action_time": "2020-12-09T12:12:24.053Z", "user": 1, "content_type": 8, "object_id": "4", "object_repr": "Голова профессора Доуэля", "action_flag": 1, "change_message": "[{\"added\": {}}]"}}, {"model": "admin.logentry", "pk": 19, "fields": {"action_time": "2020-12-09T12:12:44.382Z", "user": 1, "content_type": 8, "object_id": "5", "object_repr": "Остров погибших кораблей", "action_flag": 1, "change_message": "[{\"added\": {}}]"}}, {"model": "admin.logentry", "pk": 20, "fields": {"action_time": "2020-12-09T12:14:12.938Z", "user": 1, "content_type": 11, "object_id": "a24155aa-3570-450d-99c5-38a5fe0d9a4c", "object_repr": "a24155aa-3570-450d-99c5-38a5fe0d9a4c Divine Comedy", "action_flag": 1, "change_message": "[{\"added\": {}}]"}}, {"model": "admin.logentry", "pk": 21, "fields": {"action_time": "2020-12-09T12:14:27.064Z", "user": 1, "content_type": 11, "object_id": "a06cdae0-158d-4bb7-8bd7-73a7af55b2ad", "object_repr": "a06cdae0-158d-4bb7-8bd7-73a7af55b2ad Dracula", "action_flag": 1, "change_message": "[{\"added\": {}}]"}}, {"model": "admin.logentry", "pk": 22, "fields": {"action_time": "2020-12-09T12:14:34.567Z", "user": 1, "content_type": 11, "object_id": "66fe3f3c-176e-40b8-8230-fb2b857cbfb9", "object_repr": "66fe3f3c-176e-40b8-8230-fb2b857cbfb9 The Deerslayer, or The First Warpath", "action_flag": 1, "change_message": "[{\"added\": {}}]"}}, {"model": "admin.logentry", "pk": 23, "fields": {"action_time": "2020-12-09T12:14:46.731Z", "user": 1, "content_type": 11, "object_id": "f05c6c78-1f26-43ad-aa5c-23ad54b78418", "object_repr": "f05c6c78-1f26-43ad-aa5c-23ad54b78418 Голова профессора Доуэля", "action_flag": 1, "change_message": "[{\"added\": {}}]"}}, {"model": "admin.logentry", "pk": 24, "fields": {"action_time": "2020-12-09T12:14:59.922Z", "user": 1, "content_type": 11, "object_id": "472843af-f74e-49b3-8c00-5dd83270d117", "object_repr": "472843af-f74e-49b3-8c00-5dd83270d117 Остров погибших кораблей", "action_flag": 1, "change_message": "[{\"added\": {}}]"}}, {"model": "admin.logentry", "pk": 25, "fields": {"action_time": "2020-12-09T17:59:38.477Z", "user": 1, "content_type": 11, "object_id": "060b3d66-580a-4312-acf6-40b7ab96573b", "object_repr": "Голова профессора Доуэля", "action_flag": 1, "change_message": "[{\"added\": {}}]"}}, {"model": "admin.logentry", "pk": 26, "fields": {"action_time": "2021-01-06T15:21:03.193Z", "user": 1, "content_type": 7, "object_id": "5", "object_repr": "Беляев, Александр", "action_flag": 1, "change_message": "[{\"added\": {}}]"}}, {"model": "admin.logentry", "pk": 27, "fields": {"action_time": "2021-01-06T15:22:39.179Z", "user": 1, "content_type": 9, "object_id": "6", "object_repr": "Классическая отечественная фантастика", "action_flag": 1, "change_message": "[{\"added\": {}}]"}}, {"model": "admin.logentry", "pk": 28, "fields": {"action_time": "2021-01-06T15:26:14.125Z", "user": 1, "content_type": 8, "object_id": "5", "object_repr": "Остров погибших кораблей", "action_flag": 2, "change_message": "[{\"changed\": {\"fields\": [\"Author\", \"Summary\", \"ISBN\", \"Genre\"]}}, {\"changed\": {\"name\": \"book instance\", \"object\": \"\\u041e\\u0441\\u0442\\u0440\\u043e\\u0432 \\u043f\\u043e\\u0433\\u0438\\u0431\\u0448\\u0438\\u0445 \\u043a\\u043e\\u0440\\u0430\\u0431\\u043b\\u0435\\u0439\", \"fields\": [\"Imprint\"]}}]"}}, {"model": "admin.logentry", "pk": 29, "fields": {"action_time": "2021-01-06T15:27:16.859Z", "user": 1, "content_type": 8, "object_id": "5", "object_repr": "Остров погибших кораблей", "action_flag": 2, "change_message": "[]"}}, {"model": "admin.logentry", "pk": 30, "fields": {"action_time": "2021-01-06T15:29:44.608Z", "user": 1, "content_type": 8, "object_id": "4", "object_repr": "Голова профессора Доуэля", "action_flag": 2, "change_message": "[{\"changed\": {\"fields\": [\"Author\", \"Summary\", \"ISBN\", \"Genre\"]}}, {\"added\": {\"name\": \"book instance\", \"object\": \"\\u0413\\u043e\\u043b\\u043e\\u0432\\u0430 \\u043f\\u0440\\u043e\\u0444\\u0435\\u0441\\u0441\\u043e\\u0440\\u0430 \\u0414\\u043e\\u0443\\u044d\\u043b\\u044f\"}}, {\"changed\": {\"name\": \"book instance\", \"object\": \"\\u0413\\u043e\\u043b\\u043e\\u0432\\u0430 \\u043f\\u0440\\u043e\\u0444\\u0435\\u0441\\u0441\\u043e\\u0440\\u0430 \\u0414\\u043e\\u0443\\u044d\\u043b\\u044f\", \"fields\": [\"Imprint\"]}}, {\"changed\": {\"name\": \"book instance\", \"object\": \"\\u0413\\u043e\\u043b\\u043e\\u0432\\u0430 \\u043f\\u0440\\u043e\\u0444\\u0435\\u0441\\u0441\\u043e\\u0440\\u0430 \\u0414\\u043e\\u0443\\u044d\\u043b\\u044f\", \"fields\": [\"Imprint\"]}}]"}}, {"model": "admin.logentry", "pk": 31, "fields": {"action_time": "2021-01-06T15:29:57.135Z", "user": 1, "content_type": 8, "object_id": "5", "object_repr": "Остров погибших кораблей", "action_flag": 2, "change_message": "[]"}}, {"model": "admin.logentry", "pk": 32, "fields": {"action_time": "2021-01-06T15:32:25.099Z", "user": 1, "content_type": 7, "object_id": "6", "object_repr": "Купер, Джеймс Финемор", "action_flag": 1, "change_message": "[{\"added\": {}}]"}}, {"model": "admin.logentry", "pk": 33, "fields": {"action_time": "2021-01-06T15:34:18.719Z", "user": 1, "content_type": 8, "object_id": "3", "object_repr": "The Deerslayer, or The First Warpath", "action_flag": 2, "change_message": "[{\"changed\": {\"fields\": [\"Author\", \"Summary\", \"ISBN\", \"Genre\"]}}, {\"added\": {\"name\": \"book instance\", \"object\": \"The Deerslayer, or The First Warpath\"}}, {\"changed\": {\"name\": \"book instance\", \"object\": \"The Deerslayer, or The First Warpath\", \"fields\": [\"Imprint\"]}}]"}}, {"model": "admin.logentry", "pk": 34, "fields": {"action_time": "2021-01-06T15:35:13.804Z", "user": 1, "content_type": 7, "object_id": "7", "object_repr": "Стокер, Брэм", "action_flag": 1, "change_message": "[{\"added\": {}}]"}}, {"model": "admin.logentry", "pk": 35, "fields": {"action_time": "2021-01-06T15:36:02.917Z", "user": 1, "content_type": 9, "object_id": "7", "object_repr": "Современная зарубежная проза", "action_flag": 1, "change_message": "[{\"added\": {}}]"}}, {"model": "admin.logentry", "pk": 36, "fields": {"action_time": "2021-01-06T15:36:10.723Z", "user": 1, "content_type": 8, "object_id": "2", "object_repr": "Dracula", "action_flag": 2, "change_message": "[{\"changed\": {\"fields\": [\"Author\", \"Summary\", \"ISBN\", \"Genre\"]}}, {\"added\": {\"name\": \"book instance\", \"object\": \"Dracula\"}}, {\"changed\": {\"name\": \"book instance\", \"object\": \"Dracula\", \"fields\": [\"Imprint\"]}}]"}}, {"model": "admin.logentry", "pk": 37, "fields": {"action_time": "2021-01-06T15:37:53.704Z", "user": 1, "content_type": 8, "object_id": "1", "object_repr": "Divine Comedy", "action_flag": 2, "change_message": "[{\"changed\": {\"fields\": [\"Summary\", \"ISBN\"]}}, {\"changed\": {\"name\": \"book instance\", \"object\": \"Divine Comedy\", \"fields\": [\"Imprint\"]}}]"}}, {"model": "admin.logentry", "pk": 38, "fields": {"action_time": "2021-01-06T15:38:32.480Z", "user": 1, "content_type": 7, "object_id": "8", "object_repr": "Ремарк, Эрих Мария", "action_flag": 1, "change_message": "[{\"added\": {}}]"}}, {"model": "admin.logentry", "pk": 39, "fields": {"action_time": "2021-01-06T15:40:19.145Z", "user": 1, "content_type": 8, "object_id": "6", "object_repr": "Три товарища", "action_flag": 1, "change_message": "[{\"added\": {}}, {\"added\": {\"name\": \"book instance\", \"object\": \"\\u0422\\u0440\\u0438 \\u0442\\u043e\\u0432\\u0430\\u0440\\u0438\\u0449\\u0430\"}}, {\"added\": {\"name\": \"book instance\", \"object\": \"\\u0422\\u0440\\u0438 \\u0442\\u043e\\u0432\\u0430\\u0440\\u0438\\u0449\\u0430\"}}]"}}, {"model": "admin.logentry", "pk": 40, "fields": {"action_time": "2021-01-06T15:42:17.539Z", "user": 1, "content_type": 8, "object_id": "7", "object_repr": "Триумфальная арка", "action_flag": 1, "change_message": "[{\"added\": {}}, {\"added\": {\"name\": \"book instance\", \"object\": \"\\u0422\\u0440\\u0438\\u0443\\u043c\\u0444\\u0430\\u043b\\u044c\\u043d\\u0430\\u044f \\u0430\\u0440\\u043a\\u0430\"}}]"}}, {"model": "admin.logentry", "pk": 41, "fields": {"action_time": "2021-01-06T15:42:44.957Z", "user": 1, "content_type": 8, "object_id": "7", "object_repr": "Триумфальная арка", "action_flag": 2, "change_message": "[{\"added\": {\"name\": \"book instance\", \"object\": \"\\u0422\\u0440\\u0438\\u0443\\u043c\\u0444\\u0430\\u043b\\u044c\\u043d\\u0430\\u044f \\u0430\\u0440\\u043a\\u0430\"}}]"}}, {"model": "admin.logentry", "pk": 42, "fields": {"action_time": "2021-01-06T15:43:26.132Z", "user": 1, "content_type": 7, "object_id": "9", "object_repr": "Оруэлл, Джордж", "action_flag": 1, "change_message": "[{\"added\": {}}]"}}, {"model": "admin.logentry", "pk": 43, "fields": {"action_time": "2021-01-06T15:44:17.689Z", "user": 1, "content_type": 8, "object_id": "8", "object_repr": "1984", "action_flag": 1, "change_message": "[{\"added\": {}}, {\"added\": {\"name\": \"book instance\", \"object\": \"1984\"}}]"}}, {"model": "admin.logentry", "pk": 44, "fields": {"action_time": "2021-01-06T15:44:39.044Z", "user": 1, "content_type": 8, "object_id": "8", "object_repr": "1984", "action_flag": 2, "change_message": "[{\"added\": {\"name\": \"book instance\", \"object\": \"1984\"}}]"}}, {"model": "admin.logentry", "pk": 45, "fields": {"action_time": "2021-01-06T15:45:56.531Z", "user": 1, "content_type": 7, "object_id": "10", "object_repr": "Олдос, Хаксли", "action_flag": 1, "change_message": "[{\"added\": {}}]"}}, {"model": "admin.logentry", "pk": 46, "fields": {"action_time": "2021-01-06T15:46:34.963Z", "user": 1, "content_type": 8, "object_id": "9", "object_repr": "О дивный новый мир", "action_flag": 1, "change_message": "[{\"added\": {}}, {\"added\": {\"name\": \"book instance\", \"object\": \"\\u041e \\u0434\\u0438\\u0432\\u043d\\u044b\\u0439 \\u043d\\u043e\\u0432\\u044b\\u0439 \\u043c\\u0438\\u0440\"}}]"}}, {"model": "admin.logentry", "pk": 47, "fields": {"action_time": "2021-01-06T15:47:47.516Z", "user": 1, "content_type": 7, "object_id": "11", "object_repr": "Камю, Альберт", "action_flag": 1, "change_message": "[{\"added\": {}}]"}}, {"model": "admin.logentry", "pk": 48, "fields": {"action_time": "2021-01-06T15:48:27.127Z", "user": 1, "content_type": 8, "object_id": "10", "object_repr": "Чума", "action_flag": 1, "change_message": "[{\"added\": {}}, {\"added\": {\"name\": \"book instance\", \"object\": \"\\u0427\\u0443\\u043c\\u0430\"}}]"}}, {"model": "admin.logentry", "pk": 49, "fields": {"action_time": "2021-01-06T15:48:58.367Z", "user": 1, "content_type": 8, "object_id": "10", "object_repr": "Чума", "action_flag": 2, "change_message": "[{\"added\": {\"name\": \"book instance\", \"object\": \"\\u0427\\u0443\\u043c\\u0430\"}}]"}}, {"model": "admin.logentry", "pk": 50, "fields": {"action_time": "2021-01-06T15:49:43.430Z", "user": 1, "content_type": 7, "object_id": "12", "object_repr": "Сатр, Жан-Поль", "action_flag": 1, "change_message": "[{\"added\": {}}]"}}, {"model": "admin.logentry", "pk": 51, "fields": {"action_time": "2021-01-06T15:49:53.116Z", "user": 1, "content_type": 7, "object_id": "12", "object_repr": "Сартр, Жан-Поль", "action_flag": 2, "change_message": "[{\"changed\": {\"fields\": [\"Last name\"]}}]"}}, {"model": "admin.logentry", "pk": 52, "fields": {"action_time": "2021-01-06T15:51:05.709Z", "user": 1, "content_type": 8, "object_id": "11", "object_repr": "Стена", "action_flag": 1, "change_message": "[{\"added\": {}}, {\"added\": {\"name\": \"book instance\", \"object\": \"\\u0421\\u0442\\u0435\\u043d\\u0430\"}}]"}}, {"model": "admin.logentry", "pk": 53, "fields": {"action_time": "2021-01-06T15:51:19.613Z", "user": 1, "content_type": 8, "object_id": "11", "object_repr": "Стена", "action_flag": 2, "change_message": "[{\"added\": {\"name\": \"book instance\", \"object\": \"\\u0421\\u0442\\u0435\\u043d\\u0430\"}}]"}}, {"model": "admin.logentry", "pk": 54, "fields": {"action_time": "2021-01-06T15:51:35.338Z", "user": 1, "content_type": 8, "object_id": "11", "object_repr": "Стена", "action_flag": 2, "change_message": "[{\"added\": {\"name\": \"book instance\", \"object\": \"\\u0421\\u0442\\u0435\\u043d\\u0430\"}}, {\"changed\": {\"name\": \"book instance\", \"object\": \"\\u0421\\u0442\\u0435\\u043d\\u0430\", \"fields\": [\"Due back\"]}}]"}}, {"model": "admin.logentry", "pk": 55, "fields": {"action_time": "2021-01-06T15:52:35.178Z", "user": 1, "content_type": 7, "object_id": "13", "object_repr": "Лондон, Джек", "action_flag": 1, "change_message": "[{\"added\": {}}]"}}, {"model": "admin.logentry", "pk": 56, "fields": {"action_time": "2021-01-06T15:53:17.019Z", "user": 1, "content_type": 8, "object_id": "12", "object_repr": "Белый Клык. Зов предков", "action_flag": 1, "change_message": "[{\"added\": {}}, {\"added\": {\"name\": \"book instance\", \"object\": \"\\u0411\\u0435\\u043b\\u044b\\u0439 \\u041a\\u043b\\u044b\\u043a. \\u0417\\u043e\\u0432 \\u043f\\u0440\\u0435\\u0434\\u043a\\u043e\\u0432\"}}]"}}, {"model": "admin.logentry", "pk": 57, "fields": {"action_time": "2021-01-06T15:53:35.633Z", "user": 1, "content_type": 8, "object_id": "12", "object_repr": "Белый Клык. Зов предков", "action_flag": 2, "change_message": "[{\"added\": {\"name\": \"book instance\", \"object\": \"\\u0411\\u0435\\u043b\\u044b\\u0439 \\u041a\\u043b\\u044b\\u043a. \\u0417\\u043e\\u0432 \\u043f\\u0440\\u0435\\u0434\\u043a\\u043e\\u0432\"}}]"}}, {"model": "admin.logentry", "pk": 58, "fields": {"action_time": "2021-01-06T15:54:29.755Z", "user": 1, "content_type": 7, "object_id": "14", "object_repr": "Бунин, Иван", "action_flag": 1, "change_message": "[{\"added\": {}}]"}}, {"model": "admin.logentry", "pk": 59, "fields": {"action_time": "2021-01-06T15:55:07.613Z", "user": 1, "content_type": 8, "object_id": "13", "object_repr": "Жизнь Арсеньева", "action_flag": 1, "change_message": "[{\"added\": {}}, {\"added\": {\"name\": \"book instance\", \"object\": \"\\u0416\\u0438\\u0437\\u043d\\u044c \\u0410\\u0440\\u0441\\u0435\\u043d\\u044c\\u0435\\u0432\\u0430\"}}]"}}, {"model": "admin.logentry", "pk": 60, "fields": {"action_time": "2021-01-06T15:55:21.776Z", "user": 1, "content_type": 8, "object_id": "13", "object_repr": "Жизнь Арсеньева", "action_flag": 2, "change_message": "[{\"added\": {\"name\": \"book instance\", \"object\": \"\\u0416\\u0438\\u0437\\u043d\\u044c \\u0410\\u0440\\u0441\\u0435\\u043d\\u044c\\u0435\\u0432\\u0430\"}}]"}}, {"model": "admin.logentry", "pk": 61, "fields": {"action_time": "2021-01-06T15:56:29.105Z", "user": 1, "content_type": 7, "object_id": "15", "object_repr": "Сапковский, Анджей", "action_flag": 1, "change_message": "[{\"added\": {}}]"}}, {"model": "admin.logentry", "pk": 62, "fields": {"action_time": "2021-01-06T15:57:23.627Z", "user": 1, "content_type": 8, "object_id": "14", "object_repr": "Ведьмак. Последнее желание. Меч предназначения", "action_flag": 1, "change_message": "[{\"added\": {}}, {\"added\": {\"name\": \"book instance\", \"object\": \"\\u0412\\u0435\\u0434\\u044c\\u043c\\u0430\\u043a. \\u041f\\u043e\\u0441\\u043b\\u0435\\u0434\\u043d\\u0435\\u0435 \\u0436\\u0435\\u043b\\u0430\\u043d\\u0438\\u0435. \\u041c\\u0435\\u0447 \\u043f\\u0440\\u0435\\u0434\\u043d\\u0430\\u0437\\u043d\\u0430\\u0447\\u0435\\u043d\\u0438\\u044f\"}}]"}}, {"model": "admin.logentry", "pk": 63, "fields": {"action_time": "2021-01-06T15:59:21.306Z", "user": 1, "content_type": 8, "object_id": "15", "object_repr": "Цири. Крещение огнем. Башня Ласточки. Владычица Озера. Мир Ведьмака. Дорога без возврата Подробнее: https://www.labirint.ru/books/392591/", "action_flag": 1, "change_message": "[{\"added\": {}}, {\"added\": {\"name\": \"book instance\", \"object\": \"\\u0426\\u0438\\u0440\\u0438. \\u041a\\u0440\\u0435\\u0449\\u0435\\u043d\\u0438\\u0435 \\u043e\\u0433\\u043d\\u0435\\u043c. \\u0411\\u0430\\u0448\\u043d\\u044f \\u041b\\u0430\\u0441\\u0442\\u043e\\u0447\\u043a\\u0438. \\u0412\\u043b\\u0430\\u0434\\u044b\\u0447\\u0438\\u0446\\u0430 \\u041e\\u0437\\u0435\\u0440\\u0430. \\u041c\\u0438\\u0440 \\u0412\\u0435\\u0434\\u044c\\u043c\\u0430\\u043a\\u0430. \\u0414\\u043e\\u0440\\u043e\\u0433\\u0430 \\u0431\\u0435\\u0437 \\u0432\\u043e\\u0437\\u0432\\u0440\\u0430\\u0442\\u0430 \\u041f\\u043e\\u0434\\u0440\\u043e\\u0431\\u043d\\u0435\\u0435: https://www.labirint.ru/books/392591/\"}}]"}}, {"model": "admin.logentry", "pk": 64, "fields": {"action_time": "2021-01-06T15:59:56.379Z", "user": 1, "content_type": 8, "object_id": "15", "object_repr": "Цири. Крещение огнем. Башня Ласточки. Владычица Озера. Мир Ведьмака. Дорога без возврата", "action_flag": 2, "change_message": "[{\"changed\": {\"fields\": [\"Title\"]}}]"}}, {"model": "admin.logentry", "pk": 65, "fields": {"action_time": "2021-01-06T16:01:54.882Z", "user": 1, "content_type": 8, "object_id": "16", "object_repr": "Сезон гроз", "action_flag": 1, "change_message": "[{\"added\": {}}, {\"added\": {\"name\": \"book instance\", \"object\": \"\\u0421\\u0435\\u0437\\u043e\\u043d \\u0433\\u0440\\u043e\\u0437\"}}]"}}, {"model": "admin.logentry", "pk": 66, "fields": {"action_time": "2021-01-06T16:02:09.357Z", "user": 1, "content_type": 8, "object_id": "16", "object_repr": "Сезон гроз", "action_flag": 2, "change_message": "[{\"added\": {\"name\": \"book instance\", \"object\": \"\\u0421\\u0435\\u0437\\u043e\\u043d \\u0433\\u0440\\u043e\\u0437\"}}]"}}, {"model": "admin.logentry", "pk": 67, "fields": {"action_time": "2021-01-06T16:03:10.397Z", "user": 1, "content_type": 7, "object_id": "16", "object_repr": "Лавкрафт, Говард", "action_flag": 1, "change_message": "[{\"added\": {}}]"}}, {"model": "admin.logentry", "pk": 68, "fields": {"action_time": "2021-01-06T16:05:35.806Z", "user": 1, "content_type": 8, "object_id": "17", "object_repr": "Хребты безумия", "action_flag": 1, "change_message": "[{\"added\": {}}, {\"added\": {\"name\": \"book instance\", \"object\": \"\\u0425\\u0440\\u0435\\u0431\\u0442\\u044b \\u0431\\u0435\\u0437\\u0443\\u043c\\u0438\\u044f\"}}]"}}, {"model": "admin.logentry", "pk": 69, "fields": {"action_time": "2021-01-06T16:06:23.587Z", "user": 1, "content_type": 8, "object_id": "17", "object_repr": "Хребты безумия", "action_flag": 2, "change_message": "[{\"added\": {\"name\": \"book instance\", \"object\": \"\\u0425\\u0440\\u0435\\u0431\\u0442\\u044b \\u0431\\u0435\\u0437\\u0443\\u043c\\u0438\\u044f\"}}]"}}, {"model": "admin.logentry", "pk": 70, "fields": {"action_time": "2021-01-06T16:08:52.015Z", "user": 1, "content_type": 8, "object_id": "18", "object_repr": "Мифы Ктулху", "action_flag": 1, "change_message": "[{\"added\": {}}, {\"added\": {\"name\": \"book instance\", \"object\": \"\\u041c\\u0438\\u0444\\u044b \\u041a\\u0442\\u0443\\u043b\\u0445\\u0443\"}}]"}}, {"model": "admin.logentry", "pk": 71, "fields": {"action_time": "2021-01-06T16:09:05.150Z", "user": 1, "content_type": 8, "object_id": "18", "object_repr": "Мифы Ктулху", "action_flag": 2, "change_message": "[{\"added\": {\"name\": \"book instance\", \"object\": \"\\u041c\\u0438\\u0444\\u044b \\u041a\\u0442\\u0443\\u043b\\u0445\\u0443\"}}]"}}, {"model": "admin.logentry", "pk": 72, "fields": {"action_time": "2021-01-06T16:10:24.119Z", "user": 1, "content_type": 8, "object_id": "19", "object_repr": "Некрономикон", "action_flag": 1, "change_message": "[{\"added\": {}}, {\"added\": {\"name\": \"book instance\", \"object\": \"\\u041d\\u0435\\u043a\\u0440\\u043e\\u043d\\u043e\\u043c\\u0438\\u043a\\u043e\\u043d\"}}]"}}, {"model": "admin.logentry", "pk": 73, "fields": {"action_time": "2021-01-06T16:11:58.955Z", "user": 1, "content_type": 8, "object_id": "19", "object_repr": "Некрономикон", "action_flag": 2, "change_message": "[{\"added\": {\"name\": \"book instance\", \"object\": \"\\u041d\\u0435\\u043a\\u0440\\u043e\\u043d\\u043e\\u043c\\u0438\\u043a\\u043e\\u043d\"}}]"}}, {"model": "admin.logentry", "pk": 74, "fields": {"action_time": "2021-01-06T16:12:56.042Z", "user": 1, "content_type": 8, "object_id": "20", "object_repr": "Затаившийся страх", "action_flag": 1, "change_message": "[{\"added\": {}}, {\"added\": {\"name\": \"book instance\", \"object\": \"\\u0417\\u0430\\u0442\\u0430\\u0438\\u0432\\u0448\\u0438\\u0439\\u0441\\u044f \\u0441\\u0442\\u0440\\u0430\\u0445\"}}]"}}, {"model": "admin.logentry", "pk": 75, "fields": {"action_time": "2021-01-06T16:13:11.174Z", "user": 1, "content_type": 8, "object_id": "20", "object_repr": "Затаившийся страх", "action_flag": 2, "change_message": "[{\"added\": {\"name\": \"book instance\", \"object\": \"\\u0417\\u0430\\u0442\\u0430\\u0438\\u0432\\u0448\\u0438\\u0439\\u0441\\u044f \\u0441\\u0442\\u0440\\u0430\\u0445\"}}]"}}, {"model": "auth.permission", "pk": 1, "fields": {"name": "Can add log entry", "content_type": 1, "codename": "add_logentry"}}, {"model": "auth.permission", "pk": 2, "fields": {"name": "Can change log entry", "content_type": 1, "codename": "change_logentry"}}, {"model": "auth.permission", "pk": 3, "fields": {"name": "Can delete log entry", "content_type": 1, "codename": "delete_logentry"}}, {"model": "auth.permission", "pk": 4, "fields": {"name": "Can view log entry", "content_type": 1, "codename": "view_logentry"}}, {"model": "auth.permission", "pk": 5, "fields": {"name": "Can add permission", "content_type": 2, "codename": "add_permission"}}, {"model": "auth.permission", "pk": 6, "fields": {"name": "Can change permission", "content_type": 2, "codename": "change_permission"}}, {"model": "auth.permission", "pk": 7, "fields": {"name": "Can delete permission", "content_type": 2, "codename": "delete_permission"}}, {"model": "auth.permission", "pk": 8, "fields": {"name": "Can view permission", "content_type": 2, "codename": "view_permission"}}, {"model": "auth.permission", "pk": 9, "fields": {"name": "Can add group", "content_type": 3, "codename": "add_group"}}, {"model": "auth.permission", "pk": 10, "fields": {"name": "Can change group", "content_type": 3, "codename": "change_group"}}, {"model": "auth.permission", "pk": 11, "fields": {"name": "Can delete group", "content_type": 3, "codename": "delete_group"}}, {"model": "auth.permission", "pk": 12, "fields": {"name": "Can view group", "content_type": 3, "codename": "view_group"}}, {"model": "auth.permission", "pk": 13, "fields": {"name": "Can add user", "content_type": 4, "codename": "add_user"}}, {"model": "auth.permission", "pk": 14, "fields": {"name": "Can change user", "content_type": 4, "codename": "change_user"}}, {"model": "auth.permission", "pk": 15, "fields": {"name": "Can delete user", "content_type": 4, "codename": "delete_user"}}, {"model": "auth.permission", "pk": 16, "fields": {"name": "Can view user", "content_type": 4, "codename": "view_user"}}, {"model": "auth.permission", "pk": 17, "fields": {"name": "Can add content type", "content_type": 5, "codename": "add_contenttype"}}, {"model": "auth.permission", "pk": 18, "fields": {"name": "Can change content type", "content_type": 5, "codename": "change_contenttype"}}, {"model": "auth.permission", "pk": 19, "fields": {"name": "Can delete content type", "content_type": 5, "codename": "delete_contenttype"}}, {"model": "auth.permission", "pk": 20, "fields": {"name": "Can view content type", "content_type": 5, "codename": "view_contenttype"}}, {"model": "auth.permission", "pk": 21, "fields": {"name": "Can add session", "content_type": 6, "codename": "add_session"}}, {"model": "auth.permission", "pk": 22, "fields": {"name": "Can change session", "content_type": 6, "codename": "change_session"}}, {"model": "auth.permission", "pk": 23, "fields": {"name": "Can delete session", "content_type": 6, "codename": "delete_session"}}, {"model": "auth.permission", "pk": 24, "fields": {"name": "Can view session", "content_type": 6, "codename": "view_session"}}, {"model": "auth.permission", "pk": 25, "fields": {"name": "Can add author", "content_type": 7, "codename": "add_author"}}, {"model": "auth.permission", "pk": 26, "fields": {"name": "Can change author", "content_type": 7, "codename": "change_author"}}, {"model": "auth.permission", "pk": 27, "fields": {"name": "Can delete author", "content_type": 7, "codename": "delete_author"}}, {"model": "auth.permission", "pk": 28, "fields": {"name": "Can view author", "content_type": 7, "codename": "view_author"}}, {"model": "auth.permission", "pk": 29, "fields": {"name": "Can add book", "content_type": 8, "codename": "add_book"}}, {"model": "auth.permission", "pk": 30, "fields": {"name": "Can change book", "content_type": 8, "codename": "change_book"}}, {"model": "auth.permission", "pk": 31, "fields": {"name": "Can delete book", "content_type": 8, "codename": "delete_book"}}, {"model": "auth.permission", "pk": 32, "fields": {"name": "Can view book", "content_type": 8, "codename": "view_book"}}, {"model": "auth.permission", "pk": 33, "fields": {"name": "Can add genre", "content_type": 9, "codename": "add_genre"}}, {"model": "auth.permission", "pk": 34, "fields": {"name": "Can change genre", "content_type": 9, "codename": "change_genre"}}, {"model": "auth.permission", "pk": 35, "fields": {"name": "Can delete genre", "content_type": 9, "codename": "delete_genre"}}, {"model": "auth.permission", "pk": 36, "fields": {"name": "Can view genre", "content_type": 9, "codename": "view_genre"}}, {"model": "auth.permission", "pk": 37, "fields": {"name": "Can add language", "content_type": 10, "codename": "add_language"}}, {"model": "auth.permission", "pk": 38, "fields": {"name": "Can change language", "content_type": 10, "codename": "change_language"}}, {"model": "auth.permission", "pk": 39, "fields": {"name": "Can delete language", "content_type": 10, "codename": "delete_language"}}, {"model": "auth.permission", "pk": 40, "fields": {"name": "Can view language", "content_type": 10, "codename": "view_language"}}, {"model": "auth.permission", "pk": 41, "fields": {"name": "Can add book instance", "content_type": 11, "codename": "add_bookinstance"}}, {"model": "auth.permission", "pk": 42, "fields": {"name": "Can change book instance", "content_type": 11, "codename": "change_bookinstance"}}, {"model": "auth.permission", "pk": 43, "fields": {"name": "Can delete book instance", "content_type": 11, "codename": "delete_bookinstance"}}, {"model": "auth.permission", "pk": 44, "fields": {"name": "Can view book instance", "content_type": 11, "codename": "view_bookinstance"}}, {"model": "auth.user", "pk": 1, "fields": {"password": "pbkdf2_sha256$216000$dWc3bZJthEbn$2tAWI2HEqZQzCejotBrQX7AwEYECYK3lD+viZL11Nsc=", "last_login": "2021-01-06T15:17:59.532Z", "is_superuser": true, "username": "admin", "first_name": "", "last_name": "", "email": "mr.valek.yakub@gmail.com", "is_staff": true, "is_active": true, "date_joined": "2020-12-09T12:05:24.967Z", "groups": [], "user_permissions": []}}, {"model": "contenttypes.contenttype", "pk": 1, "fields": {"app_label": "admin", "model": "logentry"}}, {"model": "contenttypes.contenttype", "pk": 2, "fields": {"app_label": "auth", "model": "permission"}}, {"model": "contenttypes.contenttype", "pk": 3, "fields": {"app_label": "auth", "model": "group"}}, {"model": "contenttypes.contenttype", "pk": 4, "fields": {"app_label": "auth", "model": "user"}}, {"model": "contenttypes.contenttype", "pk": 5, "fields": {"app_label": "contenttypes", "model": "contenttype"}}, {"model": "contenttypes.contenttype", "pk": 6, "fields": {"app_label": "sessions", "model": "session"}}, {"model": "contenttypes.contenttype", "pk": 7, "fields": {"app_label": "catalog", "model": "author"}}, {"model": "contenttypes.contenttype", "pk": 8, "fields": {"app_label": "catalog", "model": "book"}}, {"model": "contenttypes.contenttype", "pk": 9, "fields": {"app_label": "catalog", "model": "genre"}}, {"model": "contenttypes.contenttype", "pk": 10, "fields": {"app_label": "catalog", "model": "language"}}, {"model": "contenttypes.contenttype", "pk": 11, "fields": {"app_label": "catalog", "model": "bookinstance"}}, {"model": "sessions.session", "pk": "34qk2gnwif1ywnskb3r93464ys9rquzr", "fields": {"session_data": ".eJxVjDkOwjAUBe_iGlk48UpJnzNEfzMOIEeKkwpxd4iUAto3M--lRtjWMm5NlnFidVFGnX43BHpI3QHfod5mTXNdlwn1ruiDNj3MLM_r4f4dFGjlW5OgizYRhUwUE2UJCJw5eHJeuENnziYEjtJFC-iRDUPfi2e2kAyp9wcpwjmN:1kmyEG:RDBMtVAXEdWZjQrKMfYKuo0szg6KlxEbRlDeYpCXzbw", "expire_date": "2020-12-23T12:05:56.261Z"}}, {"model": "sessions.session", "pk": "a9l9touttqc6ttq74rd7xxjb75g5bbtx", "fields": {"session_data": ".eJxVjDkOgzAUBe_iOrJiMLahTM8ZrL8RnMVIGNJEuXtAokjaN_PmrSKsyxjXInNMrDpl1Ol3Q6C75B3wDfJ10jTlZU6od0UftOh-YnlcDvcvMEIZtzcJNsG2RH4gCi0N4hF4YO-occIVNuZsvOcgVbCADtkw1LU4ZgutoS2a12d8pZKWojrjP1_vwD7w:1kxRRy:ptceMGoJsBuxRcq5PoVf-huFzYIO1JsKYK4x0UVBj2s", "expire_date": "2021-01-21T09:19:22.616Z"}}, {"model": "sessions.session", "pk": "cwc1q67jtp40mw81b9p15t5fsfq9oc1w", "fields": {"session_data": ".eJxVjDkOwjAUBe_iGlk48UpJnzNEfzMOIEeKkwpxd4iUAto3M--lRtjWMm5NlnFidVFGnX43BHpI3QHfod5mTXNdlwn1ruiDNj3MLM_r4f4dFGjlW5OgizYRhUwUE2UJCJw5eHJeuENnziYEjtJFC-iRDUPfi2e2kAyp9wcpwjmN:1krnZe:xzCUV2_qkB-fUSU_TwEhYrRbUTlLnm4gG4oRLiEgW1M", "expire_date": "2021-01-05T19:43:58.870Z"}}, {"model": "catalog.book", "pk": 1, "fields": {"title": "Divine Comedy", "author": 1, "summary": "Данте, образованнейший человек своего времени, отразил в своей \"Божественной Комедии\" представления о мире, знания и культуру Средневековья во всей полноте. Он гениально соединил в своем творении традиционный жанр \"хождений\" в загробный мир и новаторское отражение современности. Поэтическая мысль Данте охватывает всю Вселенную. И в этой Вселенной автор смело восстанавливает справедливость, творит суд над грешниками, выражает отношение к политике, философии, науке, а также говорит и о собственной непростой судьбе.\r\nИздание сопровождают классические гравюры Михаила Пикова, созданные в 1959 году.", "isbn": "5-9268-2856-3", "languages": 1, "genre": [1, 2]}}, {"model": "catalog.book", "pk": 2, "fields": {"title": "Dracula", "author": 7, "summary": "Настоящее издание является попыткой воссоздания сложного и противоречивого портрета валашского правителя Влада Басараба (1431-1476), овеянный мрачной славой образ которого был положен ирландским писателем Брэмом Стокером (1847-1912) в основу его знаменитого \"Дракулы\" (1897). Именно этим соображением продиктован состав книги, включающий в себя, наряду с новым переводом романа, не вошедшую в канонический текст главу \"Гость Дракулы\", а также письменные свидетельства двух современников патологически жестокого валашского господаря: анонимного русского автора (предположительно влиятельного царского дипломата Ф. Курицына) и австрийского миннезингера М. Бейхайма. \"В поисках Дракулы\" - выгодно отличает этот оригинальный историко-литературный проект от сугубо коммерческих изданий. Редакция полагает, что российский читатель по достоинству оценит новый, выполненный доктором филологических наук Т. Красавченко перевод легендарного произведения, которое сам автор, близкий к кругу ордена Золотая Заря,", "isbn": "978-5-94698-0", "languages": 1, "genre": [2, 7]}}, {"model": "catalog.book", "pk": 3, "fields": {"title": "The Deerslayer, or The First Warpath", "author": 6, "summary": "Джеймс Фенимор Купер является одним из классиков американского романа. Дух континента, культура и нравы населявших его народов, очень точно описаны в цикле произведений о приключениях следопыта Натти Бампо, прозванного Зверобоем.\r\nУ вас в руках первая книга, рассказывающая о молодых годах знаменитого охотника. Вместе с силачом и хвастуном Гарри Марчем по прозвищу Непоседа, Зверобой отправляется к озеру, где живёт прекрасная Джудит Хаттер, в которую влюблён Непоседа. Гарри вместе с Томасом Хаттером, отцом Джудит, в целях наживы решают напасть на индейское стойбище, но сами попадают в плен. На помощь Зверобою приходит его друг и отважный воин Чингачгук, разыскивающий свою похищенную невесту. Для мужественных героев нет безвыходных ситуаций, они всегда верно могут оценить обстановку и найти путь, ведущий к спасению и победе.\r\nРеалистичные иллюстрации Анатолия Зиновьевича Иткина увлекут читателя по следам Зверобоя, идущего по тропе войны.\r\nДля среднего школьного возраста.", "isbn": "9785433504301", "languages": 1, "genre": [5]}}, {"model": "catalog.book", "pk": 4, "fields": {"title": "Голова профессора Доуэля", "author": 5, "summary": "\"Голова профессора Доуэля\" - захватывающая фантазия, в которой писатель задается этическими вопросами: возможно ли \"воскресить душу\" человека и каких жертв стоит бессмертие?\r\nСозданный Александром Беляевым мир оживает в иллюстрациях Олега Дмитриевича Коровина. Четкими штрихами и цветовыми акцентами художник переносит на бумагу реалии беляевской действительности, эмоции и характеры персонажей.", "isbn": "9785926828532", "languages": 2, "genre": [4, 6]}}, {"model": "catalog.book", "pk": 5, "fields": {"title": "Остров погибших кораблей", "author": 5, "summary": "Александр Беляев - классик отечественной фантастики. В сюжетах его романов сливаются детектив и приключения, история и наука, увлекая читателей в невероятный и обаятельный мир.\r\nВ основе романа \"Остров Погибших Кораблей\" авантюрная история: после кораблекрушения на необыкновенном острове оказываются сыщик, преступник и дочь миллиардера. Им предстоит узнать жестокие правила местных обитателей и постараться выжить.", "isbn": "978-5-9268-28", "languages": 2, "genre": [1, 4, 6]}}, {"model": "catalog.book", "pk": 6, "fields": {"title": "Три товарища", "author": 8, "summary": "Самый красивый в двадцатом столетии роман о любви...\r\nСамый увлекательный в двадцатом столетии роман о дружбе...\r\nСамый трагический и пронзительный роман о человеческих отношениях за всю историю двадцатого столетия.\r\nПодробнее: https://www.labirint.ru/books/655706/", "isbn": "5-17-111569-2", "languages": 2, "genre": [2, 7]}}, {"model": "catalog.book", "pk": 7, "fields": {"title": "Триумфальная арка", "author": 8, "summary": "\"Триумфальная арка\" - пронзительная история любви всему наперекор, любви, приносящей боль, но и дарующей бесконечную радость.\r\nМесто действия - Париж накануне Второй мировой войны. Герой - беженец из Германии, без документов, скрывающийся и от французов, и от нацистов, хирург, спасающий человеческие жизни. Героиня - итальянская актриса, окруженная поклонниками, вспыльчивая, как все артисты, прекрасная и неотразимая.\r\nИ время, когда влюбленным довелось встретиться, и город, пронизанный ощущением надвигающейся катастрофы, становятся героями этого романа.\r\n\"Триумфальная арка\" была дважды экранизирована и по-прежнему покоряет читателей всего мира.", "isbn": "5-17-105398-7", "languages": 2, "genre": [2, 7]}}, {"model": "catalog.book", "pk": 8, "fields": {"title": "1984", "author": 9, "summary": "Своеобразный антипод второй великой антиутопии XX века - \"О дивный новый мир\" Олдоса Хаксли. Что, в сущности, страшнее: доведенное до абсурда \"общество потребления\" - или доведенное до абсолюта \"общество идеи\"?\r\nПо Оруэллу, нет и не может быть ничего ужаснее тотальной несвободы...", "isbn": "5-17-080115-2", "languages": 3, "genre": [2, 7]}}, {"model": "catalog.book", "pk": 9, "fields": {"title": "О дивный новый мир", "author": 10, "summary": "\"О дивный новый мир\" - изысканная и остроумная антиутопия о генетически программируемом \"обществе потребления\", в котором разворачивается трагическая история Дикаря - \"Гамлета\" этого мира.\r\n\r\nРоман Олдоса Хаксли \"О дивный новый мир\" (1932) – одна из классических антиутопий. Разделенное на касты общество потребления не признает отклонения от выработанной нормы, поэтому никак не может вписаться в него тот, кто еще сохранил в себе остатки человечности – Дикарь.", "isbn": "5-17-080085-8", "languages": 2, "genre": [2, 7]}}, {"model": "catalog.book", "pk": 10, "fields": {"title": "Чума", "author": 11, "summary": "\"Чума\" Альбера Камю - это роман-притча. В город приходит страшная болезнь - и люди начинают умирать. Отцы города, скрывая правду, делают жителей заложниками эпидемии. И каждый стоит перед выбором: бороться за жизнь, искать выход или смириться с господством чумы, с неизбежной смертью. Многие литературные критики \"прочитывают\" в романе события во Франции в период фашистской оккупации.\r\n\r\n\"Чума\" Альбера Камю – роман, который выявляет сущность человека. Подобному испытанию подвергались люди во времена борьбы с нацизмом. Болезнь приходит в алжирский город, и каждый встает перед экзистенциальным выбором: бороться, сдаться, пытаться бежать или заново найти смысл своей жизни.", "isbn": "5-17-080083-4", "languages": 1, "genre": [2, 3]}}, {"model": "catalog.book", "pk": 11, "fields": {"title": "Стена", "author": 12, "summary": "Этот единственный сборник малой прозы Сартра объединяет общая тема - тема свободы. Свободы, которую одни мечтают обрести, а другие - ограничить.\r\n\"Стена\" - спрессованная в одну-единственную ночь история человека, жить которому до рассвета...\r\n\"Комната\" - трагедия двоих, вынужденных быть рядом, но не вместе, мечтающих обрести друг друга, но не умеющих друг друга услышать и понять.\r\n\"Герострат\" - абсолютно неожиданный взгляд на… убийство. Что лежит в его основе? Ненависть к людям или самому себе? Желание прославиться или стать свободным?\r\n\"Интим\" - поединок между мужчиной и женщиной, любовью и ненавистью, чувствами и долгом.", "isbn": "5-17-086689-2", "languages": 4, "genre": [2]}}, {"model": "catalog.book", "pk": 12, "fields": {"title": "Белый Клык. Зов предков", "author": 13, "summary": "\"Белый Клык\" и \"Зов предков\" - пожалуй, наиболее известные повести Джека Лондона о волках, собаках и людях. Истории Белого Клыка, полупса-полуволка, и Бэка во многом схожи. Оба проходят суровую школу жизни, \"выживают там, где может выжить только сильный\" и оказываются перед выбором, каким законам следовать: дикой природы или человека. Выразительно, образно и метко писатель рассказывает о любви и преданности, хитрости и жестокости - людей и тех, кто называется их меньшими братьями.\r\nХарактеры героев Джека Лондона и поворотные моменты сюжета нашли свое отражение в полных чувства иллюстрациях Михаила Петрова", "isbn": "5-9268-2833-4", "languages": 2, "genre": [2, 5]}}, {"model": "catalog.book", "pk": 13, "fields": {"title": "Жизнь Арсеньева", "author": 14, "summary": "\"Одна из самых светлых книг в русской литературе\", по выражению Марка Алданова, писалась долго и кропотливо, первые главы созданы в 1920-х годах, в 1930 году книга впервые была издана, в 1933 году Бунин первым из русских литераторов стал лауреатом Нобелевской премии. Роман представляет собой воспоминания главного героя от самого детства до поры взросления, его философские размышления и лирические переживания. Многие исследователи называют \"Жизнь Арсеньева\" автобиографией писателя, хотя сам Бунин не подтверждал эту идею.\r\nВ иллюстрациях Ореста Георгиевича Верейского даже самые бытовые сцены из жизни героя приобретают черты обобщающие, наглядно показывая тот мир, который в 1917 году погиб в одночасье, но продолжал долгие годы жить в памяти современников.", "isbn": "5-9268-2714-6", "languages": 2, "genre": [2, 6]}}, {"model": "catalog.book", "pk": 14, "fields": {"title": "Ведьмак. Последнее желание. Меч предназначения", "author": 15, "summary": "Новеллы о ведьмаке Геральте из Ривии, его друзьях и недругах, о смертельно опасной его \"работе\" по истреблению кровожадной нечисти, о мире, в котором среди обычных людей живут эльфы, гномы, оборотни и драконы, давно стали классикой...\r\nСага Анджея Сапковского занимает одно из первых мест в отечественных и зарубежных списках лучшего фэнтези, а Геральт, культовый персонаж литературы и компьютерных игр, уже во второй раз появляется на телеэкранах.\r\nСмотрите экранизацию великолепной саги и сравнивайте приключения любимого героя в кинематографическом и литературном мирах!", "isbn": "5-17-118208-3", "languages": 1, "genre": [1, 7]}}, {"model": "catalog.book", "pk": 15, "fields": {"title": "Цири. Крещение огнем. Башня Ласточки. Владычица Озера. Мир Ведьмака. Дорога без возврата", "author": 15, "summary": "Анджей Сапковский - один из тех редких авторов, чьи произведение не просто обрели в нашей стране культовый статус, но стали частью российской фантастики. Более того, Сапковский - писатель, обладающий талантом творить абсолютно оригинальные фэнтези, полностью свободные от влияния извне, однако связанные с классической мифологической традицией.\r\nКниги Сапковского не просто блистательны по литературности формы и глубине содержания. Они являют собою картину мира - мира \"меча и магии\", мира искрометного юмора, не только захватывающего внимание читателя, но и трогающего его душу.\r\nСага и Цири и Геральте - одна из легендарнейших саг в жанре фэнтези!", "isbn": "5-17-078268-0", "languages": 1, "genre": [1]}}, {"model": "catalog.book", "pk": 16, "fields": {"title": "Сезон гроз", "author": 15, "summary": "\"Всегда, всегда будет существовать тьма. И всегда будет таящееся в темноте Зло, всегда будут во тьме клыки и когти, убийство и кровь. И всегда будут нужны ведьмаки. И крайне необходимо, чтобы они появлялись там, где в них нужда. Там, откуда доносятся крики о помощи. Там, откуда их зовут слабые. Чтобы они появились, призванные, с мечом в руке. С мечом, сверкание которого разобьет тьму, свет которого - разгонит мрак\".", "isbn": "5-17-087830-7", "languages": 2, "genre": [1]}}, {"model": "catalog.book", "pk": 17, "fields": {"title": "Хребты безумия", "author": 16, "summary": "При жизни этот писатель не опубликовал ни одной книги, после смерти став кумиром как массового читателя, так и искушенного эстета, и неиссякаемым источником вдохновения для кино- и игровой индустрии;\r\nего называли \"Эдгаром По ХХ века\", гениальным безумцем и адептом тайных знаний;\r\nего творчество уникально настолько, что потребовало выделения в отдельный поджанр;\r\nим восхищались Роберт Говард и Клайв Баркер, Хорхе Луис Борхес и Айрис Мёрдок;\r\nОдин из самых влиятельных мифотворцев современности, человек, оказавший влияние не только на литературу, но и на массовую культуру в целом, создатель \"Некрономикона\" и \"Мифов Ктулху\" - Говард Филлипс Лавкрафт.", "isbn": "5-17-099120-4", "languages": 2, "genre": [1, 3, 7]}}, {"model": "catalog.book", "pk": 18, "fields": {"title": "Мифы Ктулху", "author": 16, "summary": "Мифология Ктулху и других темных божеств, рассредоточенная по американским землям. Селефаис, Ультар, Сарнат, Кадат, Аркхем… Покинутые города и те, что существуют на границе сна и воображения. Чистые, с высокими белыми башнями и умопомрачительными арками. Заросшие плесенью и терном, пропитанные затхлым запахом гниющей рыбы. Однако чудовища могут таиться как в развалинах и закоулках, так и в сверкающих палатах. А самые кровожадные и ужасные монстры рождаются в человеческой душе…", "isbn": "5-17-101717-0", "languages": 1, "genre": [1, 3, 7]}}, {"model": "catalog.book", "pk": 19, "fields": {"title": "Некрономикон", "author": 16, "summary": "\"В начале был ужас\", - так, наверное, начиналось бы Священное Писание по Ховарду Филлипсу Лавкрафту (1890-1937). \"Страх - самое древнее и сильное из человеческих чувств, а самый древний и самый сильный страх - страх неведомого\", - констатировал в эссе \"Сверхъестественный ужас в литературе\" один из самых странных писателей XX в., всеми своими произведениями подтверждая эту тезу.\r\nВ состав сборника вошли признанные шедевры зловещих фантасмагорий Лавкрафта, в которых столь отчетливо и систематично прослеживаются некоторые доктринальные положения Золотой Зари, что у многих авторитетных комментаторов невольно возникала мысль о некой магической трансконтинентальной инспирации американского писателя тайным орденским знанием. Думается, \"Некрономикон\" станет реальным прорывом в понимании сложного и противоречивого творческого наследия мэтра \"черной фантастики\" и первой серьезной попыткой передать на русском языке всю первозданную мощь этого ни на кого не похожего автора, сквозящую и в его", "isbn": "5-94698-080-7", "languages": 2, "genre": [1, 3, 7]}}, {"model": "catalog.book", "pk": 20, "fields": {"title": "Затаившийся страх", "author": 16, "summary": "При жизни этот писатель не опубликовал ни одной книги, после смерти став кумиром как массового читателя, так и искушенного эстета, и неиссякаемым источником вдохновения для кино- и игровой индустрии; его называли \"Эдгаром По ХХ века\", гениальным безумцем и адептом тайных знаний; его творчество уникально настолько, что потребовало выделения в отдельный поджанр; им восхищались Роберт Говард и Клайв Баркер, Хорхе Луис Борхес и Айрис Мёрдок.\r\nОдин из самых влиятельных мифотворцев современности, человек, оказавший влияние не только на литературу, но и на массовую культуру в целом, создатель \"Некрономикона\" и \"Мифов Ктулху\" - Говард Филлипс Лавкрафт.", "isbn": "5-17-098068-0", "languages": 1, "genre": [1, 3, 7]}}, {"model": "catalog.author", "pk": 1, "fields": {"first_name": "Vasya", "last_name": "Pupkin", "date_of_birth": "2016-01-25", "date_of_death": null}}, {"model": "catalog.author", "pk": 2, "fields": {"first_name": "Petya", "last_name": "Dupkin", "date_of_birth": "1894-01-13", "date_of_death": "1876-01-13"}}, {"model": "catalog.author", "pk": 3, "fields": {"first_name": "Mashka", "last_name": "Mashkina", "date_of_birth": "1983-05-24", "date_of_death": null}}, {"model": "catalog.author", "pk": 4, "fields": {"first_name": "Fedya", "last_name": "Zaycev", "date_of_birth": "1993-10-14", "date_of_death": "2019-10-14"}}, {"model": "catalog.author", "pk": 5, "fields": {"first_name": "Александр", "last_name": "Беляев", "date_of_birth": null, "date_of_death": null}}, {"model": "catalog.author", "pk": 6, "fields": {"first_name": "Джеймс Финемор", "last_name": "Купер", "date_of_birth": null, "date_of_death": null}}, {"model": "catalog.author", "pk": 7, "fields": {"first_name": "Брэм", "last_name": "Стокер", "date_of_birth": null, "date_of_death": null}}, {"model": "catalog.author", "pk": 8, "fields": {"first_name": "Эрих Мария", "last_name": "Ремарк", "date_of_birth": null, "date_of_death": null}}, {"model": "catalog.author", "pk": 9, "fields": {"first_name": "Джордж", "last_name": "Оруэлл", "date_of_birth": null, "date_of_death": null}}, {"model": "catalog.author", "pk": 10, "fields": {"first_name": "Хаксли", "last_name": "Олдос", "date_of_birth": null, "date_of_death": null}}, {"model": "catalog.author", "pk": 11, "fields": {"first_name": "Альберт", "last_name": "Камю", "date_of_birth": null, "date_of_death": null}}, {"model": "catalog.author", "pk": 12, "fields": {"first_name": "Жан-Поль", "last_name": "Сартр", "date_of_birth": null, "date_of_death": null}}, {"model": "catalog.author", "pk": 13, "fields": {"first_name": "Джек", "last_name": "Лондон", "date_of_birth": null, "date_of_death": null}}, {"model": "catalog.author", "pk": 14, "fields": {"first_name": "Иван", "last_name": "Бунин", "date_of_birth": null, "date_of_death": null}}, {"model": "catalog.author", "pk": 15, "fields": {"first_name": "Анджей", "last_name": "Сапковский", "date_of_birth": null, "date_of_death": null}}, {"model": "catalog.author", "pk": 16, "fields": {"first_name": "Говард", "last_name": "Лавкрафт", "date_of_birth": null, "date_of_death": null}}, {"model": "catalog.genre", "pk": 1, "fields": {"name": "Fantasy"}}, {"model": "catalog.genre", "pk": 2, "fields": {"name": "Drama"}}, {"model": "catalog.genre", "pk": 3, "fields": {"name": "Horror"}}, {"model": "catalog.genre", "pk": 4, "fields": {"name": "Science fiction"}}, {"model": "catalog.genre", "pk": 5, "fields": {"name": "Western"}}, {"model": "catalog.genre", "pk": 6, "fields": {"name": "Классическая отечественная фантастика"}}, {"model": "catalog.genre", "pk": 7, "fields": {"name": "Современная зарубежная проза"}}, {"model": "catalog.bookinstance", "pk": "05812f16-7679-4fbe-a8ea-82db937eea82", "fields": {"book": 16, "imprint": "АСТ, 2015 г.", "due_back": null, "status": "a"}}, {"model": "catalog.bookinstance", "pk": "060b3d66-580a-4312-acf6-40b7ab96573b", "fields": {"book": 4, "imprint": "Речь, 2018 г.", "due_back": "2020-12-09", "status": "o"}}, {"model": "catalog.bookinstance", "pk": "092a0529-7f83-4115-b8e9-1a776f700d54", "fields": {"book": 13, "imprint": "Речь, 2018 г.", "due_back": "2021-01-06", "status": "o"}}, {"model": "catalog.bookinstance", "pk": "0b87159d-2c86-4182-900d-37fa51046038", "fields": {"book": 18, "imprint": "АСТ, 2017 г.", "due_back": "2021-01-06", "status": "m"}}, {"model": "catalog.bookinstance", "pk": "10244a74-03e7-4707-b663-5bebe32a9689", "fields": {"book": 12, "imprint": "Речь, 2018 г.", "due_back": null, "status": "a"}}, {"model": "catalog.bookinstance", "pk": "16f5b017-f552-475f-9d19-defe92015e1d", "fields": {"book": 19, "imprint": "Энигма, 2020 г.", "due_back": null, "status": "m"}}, {"model": "catalog.bookinstance", "pk": "1ea69a09-ff92-403c-9184-de1abba95766", "fields": {"book": 6, "imprint": "АСТ, 2018 г.", "due_back": null, "status": "m"}}, {"model": "catalog.bookinstance", "pk": "32ccf728-e397-440f-a3e4-3cfdc50d310c", "fields": {"book": 2, "imprint": "Энигма, 2019 г.", "due_back": null, "status": "m"}}, {"model": "catalog.bookinstance", "pk": "472843af-f74e-49b3-8c00-5dd83270d117", "fields": {"book": 5, "imprint": "Издательство: Речь, 2018 г.", "due_back": "2021-02-17", "status": "o"}}, {"model": "catalog.bookinstance", "pk": "4c3244b7-4fe9-420e-ac24-5e996d9f5662", "fields": {"book": 8, "imprint": "АСТ, 2016 г.", "due_back": null, "status": "a"}}, {"model": "catalog.bookinstance", "pk": "5d109a63-29b2-4238-90da-3d697d49b168", "fields": {"book": 17, "imprint": "АСТ, 2016 г.", "due_back": "2021-01-06", "status": "m"}}, {"model": "catalog.bookinstance", "pk": "6032a5a4-5c9a-40a1-9d57-8582ef0fa358", "fields": {"book": 7, "imprint": "АСТ, 2017 г.", "due_back": "2021-01-06", "status": "o"}}, {"model": "catalog.bookinstance", "pk": "668bba66-cb1a-46a6-bb22-6e234159af41", "fields": {"book": 6, "imprint": "АСТ, 2018 г.", "due_back": "2021-01-06", "status": "a"}}, {"model": "catalog.bookinstance", "pk": "66fe3f3c-176e-40b8-8230-fb2b857cbfb9", "fields": {"book": 3, "imprint": "Нигма, 2017 г.", "due_back": null, "status": "a"}}, {"model": "catalog.bookinstance", "pk": "677daec9-3faa-4e44-8048-3236ed33f41d", "fields": {"book": 7, "imprint": "АСТ, 2017 г.", "due_back": null, "status": "r"}}, {"model": "catalog.bookinstance", "pk": "6e70dce3-2a27-4311-bae1-9f0ae2201ff4", "fields": {"book": 11, "imprint": "АСТ, 2014 г.", "due_back": "2021-01-06", "status": "m"}}, {"model": "catalog.bookinstance", "pk": "6f739db7-e1bd-4ae5-bb27-d0a8a527f439", "fields": {"book": 10, "imprint": "АСТ, 2014 г.", "due_back": null, "status": "r"}}, {"model": "catalog.bookinstance", "pk": "72b93638-f7cf-45bd-a7d7-2c3adcbab9d2", "fields": {"book": 20, "imprint": "АСТ, 2016 г.", "due_back": null, "status": "a"}}, {"model": "catalog.bookinstance", "pk": "9af02c70-e9e2-4ee8-a588-ca5ff85861aa", "fields": {"book": 12, "imprint": "Речь, 2018 г.", "due_back": null, "status": "o"}}, {"model": "catalog.bookinstance", "pk": "a06cdae0-158d-4bb7-8bd7-73a7af55b2ad", "fields": {"book": 2, "imprint": "Энигма, 2019 г.", "due_back": null, "status": "a"}}, {"model": "catalog.bookinstance", "pk": "a24155aa-3570-450d-99c5-38a5fe0d9a4c", "fields": {"book": 1, "imprint": "Речь, 2018 г.", "due_back": "2020-12-31", "status": "o"}}, {"model": "catalog.bookinstance", "pk": "a6097e5a-1d6b-45fb-a294-430e2a36b681", "fields": {"book": 15, "imprint": "АСТ, 2013 г.", "due_back": "2021-01-29", "status": "m"}}, {"model": "catalog.bookinstance", "pk": "a7ba719a-b7a6-477c-986a-80627cbf06d4", "fields": {"book": 20, "imprint": "АСТ, 2016 г.", "due_back": "2021-01-06", "status": "o"}}, {"model": "catalog.bookinstance", "pk": "b939d478-411b-42b2-8db7-c44f187137d1", "fields": {"book": 17, "imprint": "АСТ, 2016 г.", "due_back": null, "status": "a"}}, {"model": "catalog.bookinstance", "pk": "c1677097-dae5-4903-ab50-e97b466f2169", "fields": {"book": 4, "imprint": "Речь, 2018 г.", "due_back": null, "status": "m"}}, {"model": "catalog.bookinstance", "pk": "ca293620-d524-4fae-b623-5fe86ca6ed25", "fields": {"book": 11, "imprint": "АСТ, 2014 г.", "due_back": "2021-01-06", "status": "o"}}, {"model": "catalog.bookinstance", "pk": "cd0067e5-574d-4eb2-8d15-02d355e2d7d4", "fields": {"book": 16, "imprint": "АСТ, 2015 г.", "due_back": "2021-01-06", "status": "m"}}, {"model": "catalog.bookinstance", "pk": "cdff5930-f4e0-490c-b030-44ce7b2654d5", "fields": {"book": 9, "imprint": "АСТ, 2014 г.", "due_back": null, "status": "m"}}, {"model": "catalog.bookinstance", "pk": "d0fb6eec-b957-476e-bc70-618e1ccfb41f", "fields": {"book": 14, "imprint": "АСТ, 2020 г.", "due_back": null, "status": "a"}}, {"model": "catalog.bookinstance", "pk": "d25db8a8-acfc-49f0-a27c-02057cb771fc", "fields": {"book": 11, "imprint": "АСТ, 2014 г.", "due_back": null, "status": "o"}}, {"model": "catalog.bookinstance", "pk": "d550129f-b4eb-4730-8ce4-2e89edfbf83d", "fields": {"book": 8, "imprint": "АСТ, 2016 г.", "due_back": "2021-01-06", "status": "o"}}, {"model": "catalog.bookinstance", "pk": "d693900f-0ccf-4edb-90ca-40c0fc50d1a9", "fields": {"book": 10, "imprint": "АСТ, 2014 г.", "due_back": null, "status": "o"}}, {"model": "catalog.bookinstance", "pk": "edf4770c-3691-422d-b3ff-cb376b7db5bc", "fields": {"book": 3, "imprint": "Нигма, 2017 г.", "due_back": null, "status": "m"}}, {"model": "catalog.bookinstance", "pk": "f05c6c78-1f26-43ad-aa5c-23ad54b78418", "fields": {"book": 4, "imprint": "Речь, 2018 г.", "due_back": "2021-01-06", "status": "r"}}, {"model": "catalog.bookinstance", "pk": "f091d223-0f27-4e64-bb78-b3bbc423df83", "fields": {"book": 18, "imprint": "АСТ, 2017 г.", "due_back": null, "status": "a"}}, {"model": "catalog.bookinstance", "pk": "f1bc2df7-991a-40a1-a2b8-10792767af68", "fields": {"book": 19, "imprint": "Энигма, 2020 г.", "due_back": null, "status": "a"}}, {"model": "catalog.bookinstance", "pk": "fdc2bde8-7550-4b49-8ad7-203282dba4be", "fields": {"book": 13, "imprint": "Речь, 2018 г.", "due_back": null, "status": "a"}}, {"model": "catalog.language", "pk": 1, "fields": {"name": "En"}}, {"model": "catalog.language", "pk": 2, "fields": {"name": "Ru"}}, {"model": "catalog.language", "pk": 3, "fields": {"name": "Ge"}}, {"model": "catalog.language", "pk": 4, "fields": {"name": "Fr"}}, {"model": "catalog.language", "pk": 5, "fields": {"name": "It"}}]